{"cameraMode":{"drawMode":0,"name":"Shaded","section":"Shading Mode"},"sceneLighting":true,"audioPlay":false,"sceneViewState":{"m_AlwaysRefresh":false,"showFog":true,"showSkybox":true,"showFlares":true,"showImageEffects":true,"showParticleSystems":true,"showVisualEffectGraphs":true,"m_FxEnabled":true},"in2DMode":false,"pivot":{"x":-15.999998092651368,"y":-0.00001239776611328125,"z":-50.00000762939453},"rotation":{"x":0.00021672318689525127,"y":-0.9912735819816589,"z":0.13192515075206757,"w":0.0017785412492230535},"size":87.74298858642578,"orthographic":false}