{"cameraMode":{"drawMode":0,"name":"Shaded","section":"Shading Mode"},"sceneLighting":true,"audioPlay":false,"sceneViewState":{"m_AlwaysRefresh":false,"showFog":true,"showSkybox":true,"showFlares":true,"showImageEffects":true,"showParticleSystems":true,"showVisualEffectGraphs":true,"m_FxEnabled":true},"in2DMode":false,"pivot":{"x":-5.116934776306152,"y":14.71928882598877,"z":2.8243565559387209},"rotation":{"x":-0.001629207981750369,"y":0.9983543157577515,"z":-0.043765176087617877,"w":-0.03715475648641586},"size":9.95545768737793,"orthographic":false}