{"cameraMode":{"drawMode":0,"name":"Shaded","section":"Shading Mode"},"sceneLighting":false,"audioPlay":false,"sceneViewState":{"m_AlwaysRefresh":false,"showFog":true,"showSkybox":false,"showFlares":true,"showImageEffects":true,"showParticleSystems":true,"showVisualEffectGraphs":true,"m_FxEnabled":true},"in2DMode":false,"pivot":{"x":-6.497843265533447,"y":15.99561595916748,"z":2.4624085426330568},"rotation":{"x":0.003968540579080582,"y":0.995586097240448,"z":-0.04963052272796631,"w":0.07961802929639816},"size":0.8660259246826172,"orthographic":false}